<!-- Pam decoder.
  -  Will extract username and srcip whenever is possible.
  - Examples:
  - su(pam_unix)[23164]: authentication failure; logname= uid=1342 euid=0 tty= ruser=dcid rhost=  user=osaudit
  - su(pam_unix)[2298]: authentication failure; logname= uid=1342 euid=0 tty= ruser=dcid rhost=  user=root
  - vsftpd(pam_unix)[25073]: authentication failure; logname= uid=0 euid=0 tty= ruser= rhost=211.100.27.101
  - vsftpd(pam_unix)[25073]: check pass; user unknown
  - sshd(pam_unix)[16660]: authentication failure; logname= uid=0 euid=0 tty=NODEVssh ruser= rhost=202.110.184.100  user=root
  - su(pam_unix)[14592]: session opened for user news by (uid=0)
  - su(pam_unix)[14592]: session closed for user news
  - sshd(pam_unix)[13025]: authentication failure; logname= uid=0 euid=0 tty=NODEVssh ruser= rhost=210.70.129.207  user=nobody
  - sshd(pam_unix)[18987]: authentication failure; logname= uid=0 euid=0 tty=NODEVssh ruser= rhost=languedoc-2-81-56-82-49.fbx.proxad.net  user=root
  - sshd(pam_unix)[17365]: session opened for user test by (uid=508)
  - sshd(pam_unix)[1345]: authentication failure; logname= uid=0 euid=0 tty=NODEVssh ruser= rhost=222.237.79.237  user=root
  - sshd(pam_unix)[15794]: 2 more authentication failures; logname= uid=0
  euid=0 tty=ssh ruser= rhost=10.0.3.1  user=root
  - Nov 17 21:41:22 localhost su[8060]: (pam_unix) session opened for user root by (uid=0)
  - Nov 11 22:46:29 localhost vsftpd: pam_unix(vsftpd:auth): authentication failure; logname= uid=0 euid=0 tty= ruser= rhost=1.2.3.4
  - Sep 28 15:28:58 server login: pam_unix(login:session): session opened for user carl by LOGIN(uid=0)
  - Sep 28 15:35:18 server sshd[123]: pam_unix(sshd:session): session opened for user carl by (uid=0)
  - Mar 29 00:42:09 server saslauthd[1230]: pam_succeed_if(smtp:auth): error retrieving information about user demo

  -->
<decoder name="pam">
  <program_name_pcre2>\(pam_unix\)$</program_name_pcre2>
</decoder>

<decoder name="pam">
  <!-- allow any program name if the prematch_pcre2 regex matches -->
  <program_name_pcre2>.*</program_name_pcre2>
  <prematch_pcre2>^pam_unix|^\(pam_unix\)|^pam_succeed_if</prematch_pcre2>
</decoder>

<decoder name="pam-user">
  <parent>pam</parent>
  <prematch_pcre2>^session \w+ </prematch_pcre2>
  <pcre2 offset="after_prematch">^for user (\S+)</pcre2>
  <order>user</order>
</decoder>

<!--XXXX<decoder name="pam-user2">
       <parent>pam</parent>
  <prematch_pcre2>^session \S+ </prematch_pcre2>
  <pcre2>for user (\S+)</pcre2>
  <order>user</order>
</decoder>
-->

<decoder name="pam-host-user">
  <parent>pam</parent>
  <prematch_pcre2>rhost=\S+[ ]+user=\S+</prematch_pcre2>
  <pcre2>rhost=(\S+)[ ]+?user=(\S+)</pcre2>
  <order>srcip, user</order>
</decoder>

<decoder name="pam-ruser">
  <parent>pam</parent>
  <prematch_pcre2> ruser</prematch_pcre2>
  <pcre2 offset="after_prematch">^=(\S+) </pcre2>
  <order>user</order>
</decoder>

<decoder name="pam-ruser">
  <parent>pam</parent>
  <pcre2> rhost=(\S+)</pcre2>
  <order>srcip</order>
</decoder>

<decoder name="pam-host">
  <parent>pam</parent>
  <prematch_pcre2> rhost</prematch_pcre2>
  <pcre2 offset="after_prematch">^=(\S+)</pcre2>
  <order>srcip</order>
</decoder>

