<!-- ossec decoder.
       - Deals with ossec internal messages.
  -->
<decoder name="ossec">
  <prematch_pcre2>^ossec: </prematch_pcre2>
  <type>ossec</type>
</decoder>

<decoder name="ossec-logcollector">
  <type>ossec</type>
  <prematch_pcre2>^\d{4}/\d{2}/\d{2} \d{2}:\d{2}:\d{2} ossec-logcollector</prematch_pcre2>
  <pcre2 offset="after_prematch">^\(\d+?\): (.)</pcre2>
  <order>extra_data</order>
</decoder>

<decoder name="ossec-agent">
  <parent>ossec</parent>
  <type>ossec</type>
  <prematch_pcre2 offset="after_parent">^Agent started:</prematch_pcre2>
  <pcre2 offset="after_prematch">^ '(\S+\S)'</pcre2>
  <order>extra_data</order>
  <fts>name, location, extra_data</fts>
</decoder>

<decoder name="ossec-alert1">
   <parent>ossec</parent>
   <prematch_pcre2>^ossec: Alert Level:</prematch_pcre2>
   <plugin_decoder>OSSECAlert_Decoder</plugin_decoder>
</decoder>

<decoder name="ossec-alert">
  <program_name_pcre2>^ossec$</program_name_pcre2>
  <plugin_decoder>OSSECAlert_Decoder</plugin_decoder>
</decoder>


<!-- decoder for active responses as logged by an OSSEC agent or server

- Examples
Sat May  7 03:17:27 CDT 2011 /var/ossec/active-response/bin/host-deny.sh add - 172.16.0.1 1304756247.60385 31151
Sat May  7 03:17:27 CDT 2011 /var/ossec/active-response/bin/firewall-drop.sh add - 172.16.0.1 1304756247.60385 31151
Sat May  7 03:27:57 CDT 2011 /var/ossec/active-response/bin/host-deny.sh delete - 172.16.0.1 1304756247.60385 31151
Sat May  7 03:27:57 CDT 2011 /var/ossec/active-response/bin/firewall-drop.sh delete - 172.16.0.1 1304756247.60385 31151
-->

<decoder name="ar_log">
  <prematch_pcre2>^[A-Za-z0-9@_-]{3} [A-Za-z0-9@_-]+?[ ]+?\d+? \d{2}:\d{2}:\d{2} [A-Za-z0-9@_-]+? \d+? /\S+/active-response</prematch_pcre2>
  <pcre2 offset="after_prematch">/bin/(\S+) (\S+) - (\S+) (\d+?\.\d+?) (\d+)</pcre2>
  <order>action, status, srcip, id, extra_data</order>
</decoder>


