<!-- Proxmox Virtual Environment (Proxmox VE)
        - Examples syslog:
   - Sep 10 22:12:41 example pvedaemon[6427]: authentication failure; rhost=192.168.0.1 user=root@pam msg=Authentication failure
   - Sep 10 22:12:49 example pvedaemon[6428]: authentication failure; rhost=192.168.0.1 user=root@pve msg=no such user ('root@pve')
   - Sep 10 22:12:54 example pvedaemon[6428]: <root@pam> successful auth for user 'root@pam'
   - Sep 10 22:13:44 example pvedaemon[6427]: <root@pam> starting task UPID:example:00000000:11111111:22222222:vzstart:100:root@pam:
   - Sep 10 22:13:44 example pvedaemon[13735]: starting CT 100: UPID:example:00000000:11111111:22222222:vzstart:100:root@pam:
   - Sep 10 22:13:46 example pvedaemon[6427]: <root@pam> end task UPID:example:00000000:11111111:22222222:vzstart:100:root@pam: OK
   - Sep 10 22:13:47 example pvestatd[1892]: modified cpu set for lxc/100: 4
   - Sep 10 06:25:44 example pveproxy[15342]: received signal TERM
   - Sep 10 06:25:44 example pveproxy[15342]: server closing
   - Sep 10 06:25:44 example pveproxy[15345]: worker exit
   - Sep 10 06:25:44 example pveproxy[15344]: worker exit
   - Sep 10 06:25:44 example pveproxy[15343]: worker exit
   - Sep 10 06:25:44 example pveproxy[15342]: worker 15343 finished
   - Sep 10 06:25:44 example pveproxy[15342]: worker 15344 finished
   - Sep 10 06:25:44 example pveproxy[15342]: worker 15345 finished
   - Sep 10 06:25:44 example pveproxy[15342]: server stopped
   - Sep 10 06:25:45 example pveproxy[22375]: Using '/etc/pve/local/pveproxy-ssl.pem' as certificate for the web interface.
   - Sep 10 06:25:45 example pveproxy[22413]: starting server
   - Sep 10 06:25:45 example pveproxy[22413]: starting 3 worker(s)
   - Sep 10 06:25:45 example pveproxy[22413]: worker 22414 started
   - Sep 10 06:25:45 example pveproxy[22413]: worker 22415 started
   - Sep 10 06:25:45 example pveproxy[22413]: worker 22416 started
   - Sep 10 06:25:47 example pvepw-logger[15428]: received terminate request (signal)
   - Sep 10 06:25:47 example pvepw-logger[15428]: stopping pvefw logger
   - Sep 10 06:25:48 example pvepw-logger[22551]: starting pvefw logger
-->


<decoder name="pvedaemon">
  <program_name_pcre2>^pvedaemon</program_name_pcre2>
</decoder>

<decoder name="pvestatd">
  <program_name_pcre2>^pvestatd</program_name_pcre2>
</decoder>

<decoder name="pveproxy">
  <program_name_pcre2>^pveproxy</program_name_pcre2>
</decoder>

<decoder name="pvepw-logger">
  <program_name_pcre2>^pvepw-logger</program_name_pcre2>
</decoder>

<decoder name="pvedaemon-auth-failed">
  <parent>pvedaemon</parent>
  <prematch_pcre2>authentication failure; </prematch_pcre2>
  <pcre2 offset="after_prematch">^rhost=(\S+) user=(\S+)@pam msg=|^rhost=(\S+) user=(\S+)@pve msg=</pcre2>
  <order>srcip, user</order>
</decoder>

<decoder name="pvedaemon-auth-success">
  <parent>pvedaemon</parent>
  <prematch_pcre2>successful auth for user '</prematch_pcre2>
  <pcre2 offset="after_prematch">^(\S+)@pam'$|^(\S+)@pve'$</pcre2>
  <order>user</order>
</decoder>


