<!-- Courier decoder
       - Examples:
  - pop3d-ssl: LOGIN FAILED, ip=[::ffff:192.168.0.200]
  - courierpop3login: LOGIN, user=web10_mauricio, ip=[::ffff:192.168.0.100]
  - courierpop3login: LOGIN FAILED, ip=[::ffff:192.168.0.188]
  - imaplogin: DISCONNECTED, ip=[::ffff:127.0.0.1], time=0
  - Nov 24 18:18:28 gandalf pop3d: LOGIN FAILED, ip=[::ffff:1.2.3.4]
  -->
<decoder name="courier">
  <program_name_pcre2>^pop3d|^courierpop3login|^imaplogin|^courier-pop3|^courier-imap</program_name_pcre2>
</decoder>

<decoder name="courier-login">
  <parent>courier</parent>
  <prematch_pcre2>^LOGIN, </prematch_pcre2>
  <pcre2 offset="after_prematch">^user=(\S+), ip=\[(\S+)\]$</pcre2>
  <order>user, srcip</order>
</decoder>

<decoder name="courier-generic">
  <parent>courier</parent>
  <pcre2>, ip=\[(\S+)\]$</pcre2>
  <order>srcip</order>
</decoder>


