<!-- Vpopmail decoder. (by Ceg Ryan <cegryan ( at ) gmail.com>)
       - Examples:
  - vpopmail[32485]: vchkpw-pop3: password fail abc@example.com:x.x.x.x
  - vpopmail[32485]: vchkpw-2110 password fail abc@example.com:x.x.x.x
  -                  vchkpw-pop3: password fail (pass: 'test') user@my_domain:1.2.3.4
  - vpopmail[2100]: vchkpw-pop3: vpopmail user not found abc@example.com:x.x.x.x
  - vpopmail[4162]: vchkpw-pop3: vpopmail user not found support@:69.3.64.3
  -->
<decoder name="vpopmail">
  <program_name_pcre2>^vpopmail</program_name_pcre2>
</decoder>

<decoder name="vpopmail-fail">
  <parent>vpopmail</parent>
  <prematch_pcre2>^vchkpw-\S+: password fail</prematch_pcre2>
  <pcre2 offset="after_prematch"> (\S+)@\S+:(\S+)$</pcre2>
  <order>user, srcip</order>
</decoder>

<decoder name="vpopmail-notfound">
  <parent>vpopmail</parent>
  <prematch_pcre2>^vchkpw-\S+: vpopmail user not </prematch_pcre2>
  <pcre2 offset="after_prematch">^found (\S+):(\S+)$</pcre2>
  <order>user, srcip</order>
</decoder>

<decoder name="vpopmail-empty">
  <parent>vpopmail</parent>
  <prematch_pcre2>^vchkpw-\S+: null password </prematch_pcre2>
  <pcre2 offset="after_prematch">^given (\S+):(\S+)$</pcre2>
  <order>user, srcip</order>
</decoder>

<decoder name="vpopmail-success">
  <parent>vpopmail</parent>
  <prematch_pcre2>^vchkpw-\S+: \(\S+\) login </prematch_pcre2>
  <pcre2 offset="after_prematch">^success (\S+):(\S+)$</pcre2>
  <order>user, srcip</order>
</decoder>

