<!-- ProFTPD decoder.
       - Will extract the username/srcip
  - Examples:
  - proftpd[26916]: hayaletgemi (85.101.218.135[85.101.218.135]) - ANON anonymous: Login successful.
  - proftpd[12564]: juf01 (pD9EE35B1.dip.t-dialin.net[217.238.53.177]) - USER jufu: Login successful
  - proftpd[30362] xx.yy.zz (aa.bb.cc[aa.bb.vv.dd]): USER backup: Login successful.
  - proftpd[2344]: refused connect from 192.168.1.2 (192.168.1.2)
  - proftpd[15181]: valhalla (crawl-66-249-66-80.googlebot.com[66.249.66.80]) - Connection from crawl-66-249-66-80.googlebot.com [66.249.66.80] denied.
  - proftpd[26169] server.example.net: Fatal: unable to open incoming connection: Der Socket ist nicht verbunden
  -->
<decoder name="proftpd">
  <program_name_pcre2>^proftpd</program_name_pcre2>
</decoder>

<decoder name="proftpd-success">
  <parent>proftpd</parent>
  <prematch_pcre2>: Login successful</prematch_pcre2>
  <pcre2>^\S+ \(\S+\[(\S+)\]\)[ ]*?\S [A-Za-z0-9@_-]+? (\S+): </pcre2>
  <pcre2>Login successful</pcre2>
  <order>srcip, user</order>
  <fts>name, user, srcip, location</fts>
</decoder>

<decoder name="proftpd-ip">
  <parent>proftpd</parent>
  <pcre2>^\S+ \(\S+\[(\S+)\]\)</pcre2>
  <order>srcip</order>
</decoder>


