<!-- Dovecot Decoder
       - Will extract username, srcip and dstip when available.
  - Jun 17 10:15:24 hostname dovecot: Dovecot v1.2.rc3 starting up (core dumps disabled)
  - Jun 17 10:15:24 hostname dovecot: Fatal: auth(default): Support not compiled in for passdb driver 'ldap'
  - Jun 17 10:15:24 hostname dovecot: Fatal: Auth process died too early - shutting down
  - dovecot: Jun 23 15:04:05 Info: imap-login: Login: user=<username>, method=PLAIN, rip=1.2.3.4, lip=1.2.3.5 Authentication Failure:
  - Jan 11 03:42:09 hostname dovecot: auth-worker(default): sql(user@example.com,1.2.3.4): Password mismatch
  - dovecot: Jan 07 14:46:28 Warn: auth(default): userdb(username,::ffff:127.0.0.1): user not found from userdb
  - dovecot: Mar 13 15:25:07 Info: auth(default): pam(user@example.com,::ffff:1.2.3.4): pam_authenticate() failed: User not known to the underlying authentication module
  - dovecot: Mar 13 15:25:07 Info: auth(default): passwd-file(user@example.com,::ffff:1.2.3.4): unknown user
  - Jan 11 03:45:09 hostname dovecot: auth-worker(default): sql(username,1.2.3.4): unknown user
  - Jan 11 03:42:09 hostname dovecot: auth(default): pam(user@example.com,1.2.3.4): pam_authenticate() failed: User not known to the underlying authentication module
  - Jul  4 17:30:51 hostname dovecot[2992]: pop3-login: Disconnected: rip=1.2.3.4, lip=1.2.3.5
  - dovecot: Jun 23 15:04:06 Info: IMAP(username): Disconnected: Logged out bytes=59/566
  - dovecot: May 31 09:43:57 Info: pop3-login: Aborted login (1 authentication attempts): user=<username>, method=PLAIN, rip=::ffff:1.2.3.4, lip=::ffff:1.2.3.5, secured
  - Jan 30 09:37:55 hostname dovecot: pop3-login: Aborted login: user=<username>, method=PLAIN, rip=::ffff:1.2.3.4, lip=::ffff:1.2.3.5
  - Dec 19 17:40:57 ny dovecot: pop3-login: Disconnected (auth failed, 3 attempts in 51 secs): user=<thousands>, method=PLAIN, rip=109.201.200.201, lip=67.205.141.203, session=<tlMSaQZE/JttycjJ>
  - Dec 19 17:30:39 ny dovecot: imap-login: Disconnected: Inactivity (auth failed, 7 attempts in 176 secs): user=<32>, method=PLAIN, rip=109.201.200.201, lip=67.205.141.203,session=<7QTLPAZEXrhtycjJ>
  - Dec 19 17:38:54 ny dovecot: pop3-login: Disconnected: Inactivity during authentication (auth failed, 13 attempts in 179 secs): user=<thousands>, method=PLAIN, rip=109.201.200.201, lip=67.205.141.203, session=<feETWgZEzJltycjJ>
  - Dec 19 17:20:08 ny dovecot: imap-login: Aborted login (auth failed, 2 attempts in 18 secs): user=<test>, method=PLAIN, rip=109.201.200.201, lip=67.205.141.203, session=<i8uMIAZEDrdtycjJ>
-->

<decoder name="dovecot">
  <program_name_pcre2>^dovecot</program_name_pcre2>
</decoder>

<decoder name="dovecot-success">
  <parent>dovecot</parent>
  <prematch_pcre2 offset="after_parent">^\w{4}-login: Login: </prematch_pcre2>
  <pcre2 offset="after_prematch">^user=\<(\S+)\>, method=\S+, rip=(\S+), lip=(\S+), mpid=\S+, (\S*?)$</pcre2>
  <order>user, srcip, dstip, protocol</order>
</decoder>

<decoder name="dovecot-aborted">
  <parent>dovecot</parent>
  <prematch_pcre2 offset="after_parent">^\w{4}-login: Aborted login</prematch_pcre2>
  <pcre2 offset="after_prematch">: user=\<(\S+)\>, method=\S+, rip=(\S+), lip=(\S+), (\S*)$</pcre2>
  <order>user, srcip, dstip, protocol</order>
</decoder>

<decoder name="dovecot-fail">
  <parent>dovecot</parent>
  <prematch_pcre2 offset="after_parent">^auth\(default\)|auth-worker\(default\)</prematch_pcre2>
  <pcre2 offset="after_prematch">^: \S+\((\S+),(\S+)\)</pcre2>
  <order>user, srcip</order>
</decoder>

<decoder name="dovecot-authfailed">
  <parent>dovecot</parent>
  <prematch_pcre2 offset="after_parent">^\w{4}-login:</prematch_pcre2>
  <pcre2 offset="after_prematch">\(auth failed, \d+? attempts in \d+? secs\): user=\<(\S+)\>, method=\S+, rip=(\S+), lip=(\S+)</pcre2>
  <order>user,srcip,dstip</order>
</decoder>

<decoder name="dovecot-disconnect">
  <parent>dovecot</parent>
  <prematch_pcre2 offset="after_parent">^\w{4}-login: Disconnected: </prematch_pcre2>
  <pcre2 offset="after_prematch">^rip=(\S+), lip=(\S+)</pcre2>
  <order>srcip, dstip</order>
</decoder>

<decoder name="dovecot-info">
  <program_name_pcre2>^Info$|^Warn$</program_name_pcre2>
</decoder>

<decoder name="imap-login-login">
  <parent>dovecot-info</parent>
  <prematch_pcre2>imap-login</prematch_pcre2>
  <pcre2 offset="after_parent">Login: user=(\S+), method=.+, rip=(\S+), lip=(\S+) </pcre2>
  <order>user, srcip, dstip</order>
</decoder>

<decoder name="dovecot-info-auth">
  <parent>dovecot-info</parent>
  <pcre2 offset="after_parent">auth\(.+\): \S+\((\S+),(\S+)\):</pcre2>
  <order>user, srcip</order>
</decoder>


