<!-- Solaris IPFilter decoder.
       - Will extract the action, srcip, srcport, dstip, dstport
  - Examples:
  - ipmon[11523]: [ID 702911 local0.warning] 09:30:39.300795 3x ce0 @0:1 b 10.4.0.25,43873 -> 10.4.122.243,22 PR tcp len 20 100 -AP IN
  - ipmon[11523]: [ID 702911 local0.warning] 09:31:53.285032 hme0 @0:1 b 10.4.122.243,138 -> 255.255.255.255,138 PR udp len 20 229 IN mbcast
  - ipmon[11523]: [ID 702911 local0.notice] 09:30:40.398290 ce0 @0:14 p 10.4.122.243,123 -> 10.4.122.16,123 PR udp len 20 76 K-S OUT
  -->
<decoder name="ipfilter">
   <type>firewall</type>
   <program_name_pcre2>^ipmon</program_name_pcre2>
   <pcre2> (\w) (\S+),(\d+?) -> (\S+),(\d+?) PR (\w+) </pcre2>
   <order>action,srcip,srcport,dstip,dstport,protocol</order>
</decoder>

