<!-- Postfix  decoder.
       - Will extract the srcip
  - Examples:
  - postfix/smtpd[32297]: NOQUEUE: reject: RCPT from unknown[213.255.237.245]: 554
    <ce101@ce.metu.edu.tr>: Relay access denied; from=<kryonomm@yahoo.com>
    to=<e10445@jubiipost.dk> proto=SMTP helo=<SM01.net>
  - postfix/smtpd[27712]: NOQUEUE: reject: MAIL from localhost[127.0.0.1]: 452 Insufficient system storage
 -->

<decoder name="postfix">
  <program_name_pcre2>^postfix</program_name_pcre2>
</decoder>

<decoder name="postfix-reject">
  <use_own_name>true</use_own_name>
  <parent>postfix</parent>
  <prematch_pcre2>^NOQUEUE: reject: \w{4} from </prematch_pcre2>
  <pcre2 offset="after_prematch">\[(\S+)\]:\d+?: (\d+?) |\[(\S+)\]:(\d+?): |\[(\S+)\]: (\d+?) |\[(\S+)\]:(\d+?): </pcre2>
  <order>srcip,id</order>
</decoder>

<decoder name="postfix-sasl">
  <parent>postfix</parent>
  <prematch_pcre2>^warning: \S+: SASL </prematch_pcre2>
  <pcre2>^warning: \S+\[(\S+)\]:</pcre2>
  <order>srcip</order>
</decoder>


