<!-- Racoon VPN.
       - Extract id (error or info) and ip address whenever possible.
  - 2006-08-08 01:42:09: ERROR: couldn't find the pskey for 222.155.15.88.
  -
  -->
<decoder name="racoon">
  <prematch_pcre2>^\d{4}-\d{2}-\d{2} \d{2}:\d{2}:\d{2}: </prematch_pcre2>
</decoder>

<decoder name="racoon-failed">
  <parent>racoon</parent>
  <use_own_name>true</use_own_name>
  <prematch_pcre2 offset="after_parent">^ERROR: couldn't find the pskey </prematch_pcre2>
  <pcre2 offset="after_prematch">^for (\S+)</pcre2>
  <order>srcip</order>
</decoder>

<decoder name="racoon-action">
  <parent>racoon</parent>
  <pcre2 offset="after_parent">^([A-Za-z0-9@_-]+?): </pcre2>
  <order>action</order>
</decoder>



