<!-- unbound
       - 2014-05-20T09:01:07.283219-04:00 arrakis unbound: [9405:0] notice: sendto failed: Can't assign requested address
  - 2014-07-14T14:00:02.814490-04:00 arrakis unbound: [2541:0] info: 127.0.0.1 talkgadget.google.com. A IN
  - 2014-07-14T14:00:05.507848-04:00 arrakis unbound: [2541:0] info: server stats for thread 0: 3 queries, 2 answers from cache, 1 recursions, 0 prefetch
  - 2014-07-14T14:00:05.507955-04:00 arrakis unbound: [2541:0] info: server stats for thread 0: requestlist max 0 avg 0 exceeded 0 jostled 0
  - 2014-07-14T14:00:05.508075-04:00 arrakis unbound: [2541:0] info: average recursion processing time 0.038814 sec
  - 2014-07-14T14:00:05.508166-04:00 arrakis unbound: [2541:0] info: histogram of recursion processing times
  - 2014-07-14T14:00:05.508248-04:00 arrakis unbound: [2541:0] info: [25%]=0 median[50%]=0 [75%]=0
  - 2014-07-14T14:00:05.508333-04:00 arrakis unbound: [2541:0] info: lower(secs) upper(secs) recursions
  - 2014-07-14T14:00:05.508414-04:00 arrakis unbound: [2541:0] info:    0.032768    0.065536 1
  - 2014-07-14T15:05:07.520229-04:00 arrakis unbound: [2541:0] info: 127.0.0.1 github.com. AAAA IN
-->


<decoder name="unbound">
  <program_name_pcre2>^unbound</program_name_pcre2>
</decoder>

<decoder name="unbound-a">
  <parent>unbound</parent>
  <pcre2> info: (\S+) (\S+)\. A IN$| info: (\S+) (\S+) AAAA IN$</pcre2>
  <order>srcip,url</order>
</decoder>


