<!-- Su decoder.
       -  Will extract the username.
  -  Examples:
  -  su[2921936]: failed: ttyq4 changing from ldap to root
  -  su[234]: BAD SU ger to fwmaster on /dev/ttyp0
  -  su(pam_unix)[23164]: authentication failure; logname= uid=1342 euid=0 tty= ruser=dcid rhost=  user=osaudit
  -  su(pam_unix)[2298]: authentication failure; logname= uid=1342 euid=0 tty= ruser=dcid rhost=  user=root
  -  Jul  5 12:17:38 lili su[2702]: - pts/5 ab-dc-root
  -  Jul  5 12:13:15 lili su[2614]: - pts/6 dcid-root
  -  su[29149]: + pts/5 dcid:root
  -  SU 07/23 01:24 + pts/4 lcid-root
  -  Apr 22 17:51:51 enigma su: dcid to root on /dev/ttyp1
  - 'su root' failed for chapman on /dev/pts/1
  -->
<decoder name="su">
  <program_name_pcre2>^su$</program_name_pcre2>
</decoder>

<decoder name="su-detail">
  <parent>su</parent>
  <prematch_pcre2>^'su </prematch_pcre2>
  <pcre2>^'su (\S+)' \S+ for (\S+) on \S+$</pcre2>
  <order>dstuser, srcuser</order>
  <fts>name, srcuser, location</fts>
</decoder>

<decoder name="su-ldap">
  <parent>su</parent>
  <prematch_pcre2>pam_ldap</prematch_pcre2>
  <pcre2>user "uid=(\S+),</pcre2>
  <order>user</order>
</decoder>

<decoder name="su">
  <prematch_pcre2>^SU \S+ \S+ </prematch_pcre2>
  <pcre2 offset="after_prematch">^\S \S+ (\S+)-(\S+)$</pcre2>
  <order>srcuser, dstuser</order>
  <fts>name, srcuser, location</fts>
</decoder>

<decoder name="su-failed">
  <parent>su</parent>
  <prematch_pcre2>^FAILED SU </prematch_pcre2>
  <pcre2 offset="after_prematch">^\(to (\S+) (\S+) on</pcre2>
  <order>dstuser, srcuser</order>
</decoder>


<decoder name="su-detail2">
  <parent>su</parent>
  <prematch_pcre2> </prematch_pcre2>
  <pcre2>^BAD SU (\S+) to (\S+) on|</pcre2>
  <pcre2>^failed: \S+ changing from (\S+) to (\S+)|</pcre2>
  <pcre2>^\S \S+ (\S+)[()*+,.:;\<=>?\[\]!"'#%&$|{}-](\S+)$|^(\S+) to (\S+) on </pcre2>
  <order>srcuser, dstuser</order>
  <fts>name, srcuser, location</fts>
</decoder>



