<!-- Sudo decoder.
       -  Will extract the username
  -  Examples:
  -  Apr 27 15:22:23 niban sudo:     dcid : TTY=pts/4 ; PWD=/home/dcid ; USER=root ; COMMAND=/usr/bin/tail /var/log/snort/alert.fast
  -  Apr 27 15:25:08 niban sudo:     dcid : TTY=pts/4 ; PWD=/home/dcid ; USER=root ; COMMAND=/usr/bin/tail /var/log/snort/alert.fast
  -  Apr 14 10:59:01 enigma sudo:     dcid : TTY=ttyp3 ; PWD=/home/dcid/ossec-hids.0.1a/src/analysisd ; USER=root ; COMMAND=/bin/cp -pr ../../bin/addagent ../../bin/osaudit-logaudit ../../bin/ossec-execd ../../bin/ossec-logcollector ../../bin/ossec-maild ../../bin/ossec-remoted /var/ossec/bin
  -  Apr 19 14:52:02 enigma sudo:     dcid : TTY=ttyp3 ; PWD=/var/www/alex ; USER=root ; COMMAND=/sbin/chown dcid.dcid .
  -  Dec 30 19:36:11 rheltest sudo: cplummer : TTY=pts/2 ; PWD=/home/cplummer1 ; USER=root ; TSID=0000UM ; COMMAND=/bin/bash
  -->
<decoder name="sudo">
  <program_name_pcre2>^sudo</program_name_pcre2>
  <pcre2>^[ ]*?(\S+)[ ]:[ ]TTY=\S+[ ];[ ]PWD=(\S+)[ ];[ ]USER=(\S+)[ ];[ ]COMMAND=(.+)$|</pcre2>
  <pcre2>^[ ]*?(\S+)[ ]:[ ]TTY=\S+[ ];[ ]PWD=(\S+)[ ];[ ]USER=(\S+)[ ];[ ]TSID=\S+[ ];[ ]COMMAND=(.+)$</pcre2>
  <order>dstuser,url,srcuser,status</order>
  <fts>name,dstuser,location</fts>
  <ftscomment>First time user executed the sudo command</ftscomment>
</decoder>

