<!-- apparmor
       - Jun 24 10:35:29 hostname kernel: [49787.970285] audit: type=1400 audit(1403598929.839:88986): apparmor="ALLOWED" operation="getattr" profile="/usr/sbin/dovecot//null-1//null-2//null-4a6" name="/home/admin/mails/new/" pid=19973 comm="imap" requested_mask="r" denied_mask="r" fsuid=1003 ouid=1003
  - Jul 14 11:03:47 hostname kernel: [ 8665.951930] type=1400 audit(1405328627.702:54): apparmor="DENIED" operation="open" profile="/usr/bin/evince" name="/etc/xfce4/defaults.list" pid=16418 comm="evince" requested_mask="r" denied_mask="r" fsuid=1000 ouid=0
  - Jun 16 17:37:39 hostname kernel: [891880.587623] audit: type=1400 audit(1402933059.038:1681857): apparmor="ALLOWED" operation="exec" profile="/usr/sbin/dovecot//null-1fde//null-1fdf" name="/usr/lib/dovecot/pop3-login" pid=13903 comm="dovecot" requested_mask="x" denied_mask="x" fsuid=0 ouid=0 target="/usr/sbin/dovecot//null-1fde//null-1fdf//null-6b18"
  - Jun 16 17:37:39 hostname kernel: [891880.587957] audit: type=1400 audit(1402933059.038:1681858): apparmor="ALLOWED" operation="open" profile="/usr/sbin/dovecot//null-1fde//null-1fdf//null-6b18" name="/usr/lib/dovecot/libdovecot-login.so.0.0.0" pid=13903 comm="pop3-login" requested_mask="r" denied_mask="r" fsuid=0 ouid=0
  - Jun 16 17:37:39 hostname kernel: [891880.587976] audit: type=1400 audit(1402933059.038:1681859): apparmor="ALLOWED" operation="getattr" profile="/usr/sbin/dovecot//null-1fde//null-1fdf//null-6b18" name="/usr/lib/dovecot/libdovecot-login.so.0.0.0" pid=13903 comm="pop3-login" requested_mask="r" denied_mask="r" fsuid=0 ouid=0
  - Jun 16 17:37:39 hostname kernel: [891880.587989] audit: type=1400 audit(1402933059.038:1681860): apparmor="ALLOWED" operation="file_mmap" profile="/usr/sbin/dovecot//null-1fde//null-1fdf//null-6b18" name="/usr/lib/dovecot/libdovecot-login.so.0.0.0" pid=13903 comm="pop3-login" requested_mask="mr" denied_mask="mr" fsuid=0 ouid=0
  - Jun 23 20:46:15 hostname kernel: [   11.103248] audit: type=1400 audit(1403549175.177:2): apparmor="STATUS" operation="profile_load" name="/sbin/klogd" pid=2185 comm="apparmor_parser"
  - Jun 16 17:37:39 hostname kernel: [891880.587989] audit: type=1400 audit(1314853822.672:33649): apparmor="DENIED" operation="mknod" parent=27250 profile="/usr/lib/apache2/mpm-prefork/apache2//example.com" name="/usr/share/wordpress/1114140474e5f13bea68a4.tmp" pid=27289 comm="apache2" requested_mask="c" denied_mask="c" fsuid=33 ouid=33
  - Jun 16 17:37:39 hostname kernel: [891880.587989] audit: type=1400 audit(1315353795.331:33657): apparmor="DENIED" operation="exec" parent=14952 profile="/usr/lib/apache2/mpm-prefork/apache2//example.com" name="/usr/lib/sm.bin/sendmail" pid=14953 comm="sh" requested_mask="x" denied_mask="x" fsuid=33 ouid=0
-->

<decoder name="apparmor">
  <parent>iptables</parent>
  <prematch_pcre2> apparmor=</prematch_pcre2>
  <pcre2> apparmor="(\S+)" operation="(\S+)"</pcre2>
  <order>status, extra_data</order>
</decoder>


