<!-- Vmware ESX logs.
       - Will extract the severity and username/ip when available.
  - Examples:
  - [2008-03-09 22:43:35.924 'ha-eventmgr' 84503472 info] Event 2053 : User root@127.0.0.1 logged in
  - [2008-02-05 02:13:18.112 'ha-eventmgr' 95833272 info] Event xyz : User m@1.2.3.4 logged in
  -  [2008-08-26 11:06:16.359 'ha-eventmgr' 20532144 info] Event 285 : Failed login attempt for root@127.0.0.1
  - Aug 25 06:01:10 hostname vmware-hostd[1863]: Accepted password for user root from 127.0.0.1
  - Aug  7 11:05:34 localhost vmware-authd[9709]: login from 172.16.129.78 as 523b717c-4542-f5fc-c006-1644eb8f4330
  - Aug 26 11:42:29 localhost vmware-hostd[1863]: Rejected password for user blablabla from 127.0.0.1
  -->
<decoder name="vmware">
  <prematch_pcre2>^\[\d{4}-\d{2}-\d{2} \d{2}:\d{2}:\d{2}\.\d{3} '\S+' \d+? </prematch_pcre2>
</decoder>

<decoder name="vmware-extra">
  <parent>vmware</parent>
  <pcre2 offset="after_parent">^([A-Za-z0-9@_-]+?)\] \S+ \S+ </pcre2>
  <order>status</order>
</decoder>

<decoder name="vmware-extra">
  <parent>vmware</parent>
  <pcre2 offset="after_regex">^: User ([A-Za-z0-9@_-]+?)@(\S+)</pcre2>
  <pcre2> logged |^: Failed login \w+ for ([A-Za-z0-9_-]+)@(\S+)</pcre2>
  <order>user, srcip</order>
</decoder>

<decoder name="vmware-syslog">
  <program_name_pcre2>vmware</program_name_pcre2>
</decoder>

<decoder name="vmware-success">
  <parent>vmware-syslog</parent>
  <prematch_pcre2>^Accepted|^Rejected</prematch_pcre2>
  <pcre2 offset="after_prematch">^ \S+ for user (\S+) from (\S+)$</pcre2>
  <order>user, srcip</order>
</decoder>

<decoder name="vmware-login">
  <parent>vmware-syslog</parent>
  <prematch_pcre2>^login from </prematch_pcre2>
  <pcre2 offset="after_prematch">^(\S+) as</pcre2>
  <order>srcip</order>
</decoder>


