<!-- Horde decoder
       - Will extract: username and srcip.
  - Examples:
  - [notice] [imp] Login success for raphaelv@xx [100.121.170.41] to {a.b.c:143} [on line 92 of "/home/webmail/horde/imp/redirect.php"]
  - [error] [imp] FAILED LOGIN 210.179.154.213 to xxx:143[imap] as mala1
  -->
<decoder name="horde_imp">
  <prematch_pcre2>^\[[A-Za-z0-9@_-]+\] \[imp\] |^\[[A-Za-z0-9@_-]+\] \[horde\] </prematch_pcre2>
</decoder>

<decoder name="horde_imp_success">
  <parent>horde_imp</parent>
  <prematch_pcre2 offset="after_parent">^Login success </prematch_pcre2>
  <pcre2 offset="after_prematch">^for (\S+) \[(\S+)\] </pcre2>
  <order>user, srcip</order>
</decoder>

<decoder name="horde_imp_failed">
  <parent>horde_imp</parent>
  <prematch_pcre2 offset="after_parent">^FAILED LOGIN</prematch_pcre2>
  <pcre2 offset="after_prematch">^ (\S+) to \S+ as (\S+) </pcre2>
  <order>srcip, user</order>
</decoder>




