<!-- NSD
        - Aug 11 13:21:46 ix nsd[16565]: server initialization failed, nsd could not be started
   - Aug 11 13:22:14 ix nsd[13816]: blocked.hosts:2: syntax error
   - Aug 11 13:22:14 ix nsd[13816]: blocked.hosts:2: unrecognized RR type 'name:'
   - Aug 12 09:01:00 junction.example.com nsd[7405]: NSTATS 1439384460 1439314258 A=1 AAAA=1
   - Aug 12 09:01:00 junction.example.com nsd[7405]: XSTATS 1439384460 1439314258 RR=0 RNXD=0 RFwdR=0 RDupR=0 RFail=0 RFErr=0 RErr=0 RAXFR=0 RLame=0 ROpts=0 SSysQ=0 SAn
s=2 SFwdQ=0 SDupQ=0 SErr=0 RQ=2 RIQ=0 RFwdQ=0 RDupQ=0 RTCP=0 SFwdR=0 SFail=0 SFErr=0 SNaAns=0 SNXD=0 RUQ=0 RURQ=0 RUXFR=0 RUUpd=0
   - Dec 16 12:51:17 pine nsd[90235]: xfrd: zone example.com received error code NOT IMPL from 192.168.17.9@153
-->

<decoder name="nsd">
  <program_name_pcre2>^nsd</program_name_pcre2>
</decoder>

<decoder name="nsd-from">
  <parent>nsd</parent>
  <pcre2> from (\S+)@| from (\S+)</pcre2>
  <order>srcip</order>
</decoder>

