<!-- Solaris BSM
       - Examples:
  - Nov 21 15:12:56 unknown audit: [ID 905220 audit.notice] system booted
    text booting kernel
  - Nov 21 15:16:22 unknown audit: [ID 984917 audit.notice] login - telnet
    failed session 2740580090 by root as root:root from 1.254.168.192
  - failed session 2740580090 by root as root:root from 1.254.168.192
  - ok session 347344759 by 500959152 as root:root from 3.11.8.4 obj
  -->
<decoder name="solaris_bsm">
  <program_name_pcre2>^audit$</program_name_pcre2>
</decoder>

<decoder name="solaris_bsm_session">
  <parent>solaris_bsm</parent>
  <prematch_pcre2> [A-Za-z0-9@_-]+? session \d+? by </prematch_pcre2>
  <pcre2> ([A-Za-z0-9@_-]+) session \d+ by</pcre2>
  <order>status</order>
</decoder>

<decoder name="solaris_bsm_session">
  <parent>solaris_bsm</parent>
  <pcre2 offset="after_regex">^ \S+ as \S+:\S+ from (\S+)</pcre2>
  <order>srcip</order>
</decoder>



