<!-- Mail scanner
       - Will extract the srcip/action
  - Examples:
  - MailScanner[24112]: Message k7B9Mc6b015925 from
  68.171.145.34 (nilsenator@hotmail.com) to yyyyy.no is spam, SpamAssassin
  - May  3 16:28:40 jarjar MailScanner[4732]: Message k436SX2M005191 from
  111.222.111.222 (david@our.domain.org) to our.domain.org is spam
  , SpamAssassin
  - MailScanner[5317]: Message k436dCIW005370 from
  111.222.111.222 (david@our.domain.org) to another.domain.org is not s
  pam, SpamAssassin
  - MailScanner[29107]: Message j0EMandY027564 from xxx.xxx.xxx.xxx(xxxxx@xxxxx.ie) to xxxxx.ie is not spam
  -->
<decoder name="mailscanner">
  <program_name_pcre2>^MailScanner</program_name_pcre2>
</decoder>

<decoder name="mailscanner-ip">
  <parent>mailscanner</parent>
  <prematch_pcre2>^Message \S+ from </prematch_pcre2>
  <pcre2 offset="after_prematch">^(\S+) \S+ to \S+ is (\w+)</pcre2>
  <order>srcip, action</order>
</decoder>


