<!--
     mptscsih \ mptbase decoder

Description: module for SCSI controllers.

Examples:
[ 5008.286061] mptscsih: ioc0: task abort: FAILED (rv=2003) (sc=ffff88007a8a9f00)

[ 6498.769248] mptbase: ioc0: RAID STATUS CHANGE for PhysDisk 1 id=8
[ 6498.769252] mptbase: ioc0:   PhysDisk is now failed, out of sync

[ 6498.775783] mptbase: ioc0: RAID STATUS CHANGE for VolumeID 0
[ 6498.775788] mptbase: ioc0:   volume is now degraded, enabled
-->
<decoder name="mptscsih-1">
  <parent>iptables</parent>
  <prematch_pcre2>^\[ \d+\.\d+\] mptscsih: </prematch_pcre2>
  <pcre2>^\[ \d+\.\d+\] (\w+): (\w+): task abort: (\w+)</pcre2>
  <order>id,data,status</order>
</decoder>

<decoder name="mptbase-1">
  <parent>iptables</parent>
  <prematch_pcre2>^\[ \d+\.\d+\] mptbase: </prematch_pcre2>
  <pcre2>^\[ \d+\.\d+\] (\w+): (\w+):[ ]+[A-Za-z0-9@_-]+ is now (\w+), (\D+)$</pcre2>
  <order>id,data,action,status</order>
</decoder>

