<!-- Nginx error log decoder.
       - Will extract the srcip.
  - Examples:
  - 2009/09/15 20:55:40 [error] 63858#0: *3663 open() "/srv/www/ossec.net/robots.txt" failed (2: No such file or directory), client: 1.2.3.4, server: ossec.net, request: "GET /robots.txt HTTP/1.1", host: "www.ossec.net"
  - 2009/09/15 19:51:07 [error] 37992#0: accept() failed (53: Software caused connection abort)
  -->
<decoder name="nginx-errorlog">
  <prematch_pcre2>^20\d{2}/\d{2}/\d{2} \d{2}:\d{2}:\d{2} \[</prematch_pcre2>
</decoder>

<decoder name="nginx-errorlog-ip">
  <parent>nginx-errorlog</parent>
  <prematch_pcre2 offset="after_parent">, client: \S+, server: \S+, request: "\S+ </prematch_pcre2>
  <pcre2 offset="after_parent">, client: (\S+), </pcre2>
  <order>srcip</order>
</decoder>


