<!-- Sendmail decoder.
       - Will extract the srcip
  - Examples:
  - sendmail[15806618]: k1SN9pkK15806618: ruleset=check_mail, arg1=<rtreter@qffff.com>,
  - relay=dsl.static81215198185.ttnet.net.tr [81.215.198.185] (may be forged), reject=553 5.1.8
  - <rtreter@qffff.com>... Domain of sender address rtreter@qffff.com does not exist
  - sm-msp-queue[13484]: k5TKj6L5012934: to=root, ctladdr=root (0/0), delay=00:04:00, xdelay=00:00:00, mailer=relay, pri=120112, relay=[127.0.0.1], dsn=4.0.0, stat=Deferred: Connection refused by [127.0.0.1]
  - sendmail[7735]: [ID 801593 mail.notice] k856Hah0007735: ruleset=check_rcpt, arg1=<sc@sd.com>, relay=[216.22.33.7], reject=553 5.3.0 <sc@sd.com>... Spammer 216.22.33.7 usergl@displaytoward.net rejected by RBL:http://www.spamhaus.org/
  - sm-mta[23868]: k9BEQK0c023868: rejecting commands
  from [200.121.73.169] [200.121.73.169] due to pre-greeting traffic
  - sendmail[7818]: j6KKHo2d007818: rejecting commands from sv.e103gng.com [66.62.19.10] due to pre-greeting traffic
 -->
<decoder name="sendmail-reject">
  <program_name_pcre2>^sendmail|^sm-mta|^sm-msp-queue</program_name_pcre2>
</decoder>

<decoder name="sendmail-pre-greeting">
  <parent>sendmail-reject</parent>
  <prematch_pcre2>^\S+: rejecting commands from</prematch_pcre2>
  <pcre2 offset="after_prematch">^ \S+ \[(\S+)\]</pcre2>
  <order>srcip</order>
</decoder>

<decoder name="sendmail-reject-nodns">
  <parent>sendmail-reject</parent>
  <prematch_pcre2>relay=\[</prematch_pcre2>
  <pcre2 offset="after_prematch">^(\S+)\]</pcre2>
  <order>srcip</order>
</decoder>

<decoder name="sendmail-reject-dns">
  <parent>sendmail-reject</parent>
  <prematch_pcre2>relay=\S+ \[</prematch_pcre2>
  <pcre2 offset="after_prematch">^(\S+)\]</pcre2>
  <order>srcip</order>
</decoder>

<!-- SMF-SAV Sendmail Milter decoder.
       - Will extract the srcip
  - Examples:
  - smf-sav[513]: [ID 987462 mail.notice] sender check failed: <xkyjywqvophshu@mypersonalemail.com>, 125.133.22.112, [125.133.22.112], [00:00:01]
  - smf-sav[513]: [ID 407019 mail.info] sender check succeeded (cached): <asterisk-users-bounces@lists.digium.com>, 216.207.245.17, lists.digium.com
  - smf-sav[513]: [ID 987894 mail.notice] sender check tempfailed: <31363****-org@targetedpages.com>, 69.8.190.101, smtp101.tramailer.info, [00:00:05]
  - smf-sav[1883]: sender check tempfailed (cached): <k@vooC7b>, 87.103.236.97, [87.103.236.97]
  - smf-sav[1883]: sender check failed (cached): <clahaiclahai@email.iis.com.br
   >, 91.146.176.140, pool176-140.cable.tolna.net
  -->
<decoder name="smf-sav-reject">
  <program_name_pcre2>^smf-sav</program_name_pcre2>
  <prematch_pcre2>^sender check failed|</prematch_pcre2>
  <prematch_pcre2>^sender check tempfailed</prematch_pcre2>
  <pcre2 offset="after_prematch">^ \(cached\): \S+, (\S+),|</pcre2>
  <pcre2>^: \S+, (\S+),</pcre2>
  <order>srcip</order>
</decoder>

