<!-- Squid access log decoder.
       - Will extract the srcip.
  - Author: Ahmet Ozturk
  - Examples:
  - 1140701044.525   1231 192.168.1.201 TCP_DENIED/400 1536
    GET ahmet - NONE/- text/html
  - 1140701230.827    781 192.168.1.210 TCP_DENIED/407 1785
    GET http://www.ossec.net oahmet NONE/- text/html
  -->
<decoder name="squid-accesslog">
  <type>squid</type>
  <prematch_pcre2>^\d+? \S+ </prematch_pcre2>
  <pcre2>^\d+? (\S+) ([A-Za-z0-9@_-]+?)/(\d+?) \d+? [A-Za-z0-9@_-]+? (\S+) </pcre2>
  <order>srcip,action,id,url</order>
</decoder>


