<!-- Roundcube decoder
      - Will extract username and src IP from the logs, when available.

   Examples syslog: (older and newer versions of roundcube)
 - Apr 10 22:45:20 hostname roundcube: [10-Apr-2009 22:45:20 -0500] IMAP Error: Authentication for username failed (LOGIN): "a001 NO Authentication failed." (POST /roundcube/?_task=&_action=login)
 - Apr 10 23:01:23 hostname roundcube: [10-Apr-2009 23:01:23 -0500]: Successful login for username (id 1) from 127.0.0.1
 - Oct 28 19:31:08 hostname roundcube: <isj89gtf> IMAP Error: Login failed for username from 127.0.0.1. AUTHENTICATE PLAIN: Authentication failed. in /var/www/html/roundcube/program/lib/Roundcube/rcube_imap.php on line 193 (POST /roundcube/?_task=login&_action=login)

   Example from roundcube internal logfile (/path/to/roundcube/logs/errors):
 - [04-Oct-2017 17:03:30 +0200]: <jkgnfe79> IMAP Error: Login failed for username from 127.0.0.1. AUTHENTICATE PLAIN: Authentication failed. in /var/www/html/roundcube/program/lib/Roundcube/rcube_imap.php on line 193 (POST /roundcube/?_task=login&_action=login)

   Examples if log_logins is enabled (/path/to/roundcube/logs/userlogins):
 - [04-Oct-2017 16:08:01 +0200]: <lrpo6s0r> Failed login for test from 127.0.0.1 in session abcdefg (error: 0)
 - [04-Oct-2017 16:09:17 +0200]: <4bd4jqqc> Successful login for test (ID: 6) from 127.0.0.1 in session abcdefg
-->


<decoder name="roundcube">
  <program_name_pcre2>^roundcube</program_name_pcre2>
</decoder>

<decoder name="roundcube">
  <prematch_pcre2>^\[\d{2}-[\w]{3}-\d{4} \d{2}:\d{2}:\d{2} \S+\]</prematch_pcre2>
</decoder>

<decoder name="roundcube-success">
  <parent>roundcube</parent>
  <prematch_pcre2> Successful login for </prematch_pcre2>
  <pcre2 offset="after_prematch">^(\S+) \(id \d+\) from (\S+)$|^(\S+) \(ID: \d+\) from (\S+)</pcre2>
  <order>user, srcip</order>
</decoder>

<decoder name="roundcube-denied-old">
  <parent>roundcube</parent>
  <prematch_pcre2>\] \w+ Error: Authentication </prematch_pcre2>
  <pcre2 offset="after_prematch">^for (\S+) failed</pcre2>
  <order>user</order>
</decoder>

<decoder name="roundcube-denied-new">
  <parent>roundcube</parent>
  <prematch_pcre2>> \w+ Error: Login failed |> Failed login </prematch_pcre2>
  <pcre2 offset="after_prematch">^for (\S+) from (\S+). |^for (\S+) from (\S+) in session </pcre2>
  <order>user, srcip</order>
</decoder>

