<!-- AIX IPSec decoder.
       - Will extract the action,srcip,dstip,protocol,srcport,dstport
  - Examples:
  - ipsec_logd: #:3 R:p  I:10.0.0.99 S:10.0.0.82 D:10.0.0.99 P:tcp/ack SP:50349 DP:22 R:l I:en0 F:n T:0 L:88
  - ipsec_logd: #:1 R:p  O:10.0.0.99. S:10.0.0.99 D:10.0.0.25 P:udp SP:2063 DP:53 R:l I:en0 F:n T:0 L:81
 -->
<decoder name="aix-ipsec">
   <type>firewall</type>
   <program_name_pcre2>^ipsec_logd</program_name_pcre2>
   <pcre2> R:(\w)  \w:\S+ S:(\S+) </pcre2>
   <pcre2>D:(\S+) P:(\S+) SP:(\d+) DP:(\d+) </pcre2>
   <order>action,srcip,dstip,protocol,srcport,dstport</order>
</decoder>


