<!-- Wordpress decoder.
       -  It needs the WPsyslog2 plugin.
  - Examples:
  - WPsyslog[14382]: [127.0.0.1 na] Info: User authentication failed. User name: lala
  - WPsyslog[14382]: [127.0.0.1 na] Info: User logged in. User name: admin (admin).
  - wpcore[14554]: [127.0.0.1 na] http://megasite.com/wordpress Info: User authentication failed. User name: qwe.
  -->
<decoder name="wordpress">
  <program_name_pcre2>^WPsyslog|^wpcore</program_name_pcre2>
  <prematch_pcre2>^\[</prematch_pcre2>
  <pcre2 offset="after_prematch">^(\S+) </pcre2>
  <order>srcip</order>
</decoder>

