<!-- Kaspersky Endpoint Security 10 for Linux -->
<!-- Kesl example Logs -->
<!-- Nov  5 00:11:21 hostname kesl: {"EventType": "AVBasesAreTotallyOutOfDate","EventId": "27336","TaskName": "Update","TaskId": "6","AVBasesDate": "2018-10-17 09:49:00"} -->
<!-- Oct 25 13:11:21 hostname kesl: {"EventType": "AVBasesAreOutOfDate","EventId": "27311","TaskName": "Update","TaskId": "6","AVBasesDate": "2018-10-17 09:49:00"} -->
<!-- Nov 10 13:19:27 hostname kesl: {"EventType": "UpdateError","EventId": "27381","TaskType": "Update","TaskName": "Update","TaskId": "6","RuntimeTaskId": "120"} -->
<!-- Nov 10 13:22:09 hostname kesl: {"EventType": "ThreatDetected","EventId": "27384","DetectName": "EICAR-Test-File","DetectType": "Virware","DetectCertainty": "Sure","DetectSource": "Local","FileName": "/home/userlogin/eicar.com","ObjectName": "File","TaskId": "1","RuntimeTaskId": "20","TaskName": "File_Monitoring","TaskType": "OAS","AccessUser": "root","AccessUserId": "0","FileOwner": "root","FileOwnerId": "0"} -->
<!-- Nov 14 13:50:01 hostname kesl: {"EventType": "ObjectSavedToBackup","EventId": "27448","FileName": "/home/userlogin/eicar.com","ObjectName": "File","TaskId": "1","RuntimeTaskId": "126","TaskName": "File_Monitoring","TaskType": "OAS","AccessUser": "userlogin","AccessUserId": "1000","FileOwner": "root","FileOwnerId": "0"} -->
<!-- Nov 14 13:50:01 hostname kesl: {"EventType": "ObjectNotDisinfected","EventId": "27449","ObjectNotDisinfectedReason": "NonCurable","FileName": "/home/userlogin/eicar.com","ObjectName": "File","TaskId": "1","RuntimeTaskId": "126","TaskName": "File_Monitoring","TaskType": "OAS","AccessUser": "userlogin","AccessUserId": "1000","FileOwner": "root","FileOwnerId": "0"} -->
<!-- Nov 14 13:50:01 hostname kesl: {"EventType": "ObjectDeleted","EventId": "27450","FileName": "/home/userlogin/eicar.com","ObjectName": "File","TaskId": "1","RuntimeTaskId": "126","TaskName": "File_Monitoring","TaskType": "OAS","AccessUser": "userlogin","AccessUserId": "1000","FileOwner": "root","FileOwnerId": "0"} -->
<!-- Nov 14 12:44:04 hostname kesl: {"EventType": "TaskStateChanged","EventId": "27438","TaskName": "Update","TaskType": "Update","TaskId": "6","TaskState": "Starting","PrevTaskState": "Stopped","TaskRequestInitiator": "User","RuntimeTaskId": "127"} -->
<!-- Nov 14 12:44:04 hostname kesl: {"EventType": "TaskStateChanged","EventId": "27439","TaskName": "Update","TaskType": "Update","TaskId": "6","TaskState": "Started","PrevTaskState": "Starting","TaskRequestInitiator": "User","RuntimeTaskId": "127"} -->

<decoder name="kesl">
  <program_name_pcre2>^kesl</program_name_pcre2>
</decoder>

<decoder name="kesl-avbases-old">
  <parent>kesl</parent>
  <prematch_pcre2>^""EventType": "\S+","EventId": "\d+?","TaskName": "\S+","TaskId": "\d+?","AVBasesDate": "\d{4}-\d{2}-\d{2} \d{2}:\d{2}:\d{2}""</prematch_pcre2>
  <pcre2 offset="after_parent">^""EventType": "(\S+)","EventId": "(\d+?)","TaskName": "(\S+)","TaskId": "\d+?","AVBasesDate": "(\d{4}-\d{2}-\d{2} \d{2}:\d{2}:\d{2})""</pcre2>
  <order>status, id, action, extra_data</order>
</decoder>

<decoder name="kesl-threat-detected">
  <parent>kesl</parent>
  <prematch_pcre2>^""EventType": "\S+","EventID": "\d+","DetectName": "\S+","DetectType": "\S+","DetectCertainty": "\S+","DetectSource": "\S+","FileName": "\S+,"ObjectName": "\S+","TaskId": "\d+?","RuntimeTaskId": "\d+","TaskName": "\S+","TaskType": "\S+","AccessUser": "\S+","AccessUserId": "\d+","FileOwner": "\S+","FileOwnerId": "\d+""</prematch_pcre2>
  <pcre2 offset="after_parent">^""EventType": "(\S+)","EventID": "(\d+)","DetectName": "\S+","DetectType": "\S+","DetectCertainty": "(\S+)","DetectSource": "\S+","FileName": \S+,"ObjectName": "\S+","TaskId": "\d+","RuntimeTaskId": "\d+?","TaskName": "\S+","TaskType": "(\S+)","AccessUser": "\S+","AccessUserId": "\d+?","FileOwner": "\S+","FileOwnerId": "\d+""</pcre2>
  <order>status, id, extra_data, action</order>
</decoder>

<decoder name="kesl-taskstatechange">
  <parent>kesl</parent>
  <prematch_pcre2>^""EventType": "\S+","EventId": "\d+","TaskName": "\S+","TaskType": "\S+","TaskId": "\d+","TaskState": "\S+","PrevTaskState": "\S+","TaskRequestInitiator": "\S+","RuntimeTaskId": "\d+""</prematch_pcre2>
  <pcre2 offset="after_parent">^""EventType": "(\S+)","EventId": "(\d+)","TaskName": "\S+","TaskType": "(\S+)","TaskId": "\d+","TaskState": "(\S+)","PrevTaskState": "\S+","TaskRequestInitiator": "(\S+)","RuntimeTaskId": "\d+""</pcre2>
  <order>action, id, extra_data, status, srcuser</order>
</decoder>


